{
  "_metadata": {
    "generated_at": "2026-07-22T22:54:56.320096+00:00",
    "git_commit": "d3f792727e47e50e338aea5c7531976b2242ff1b"
  },
  "config": {
    "domestic_leagues": [
      364,
      412,
      426,
      524,
      795
    ],
    "primary_minutes_threshold": 450,
    "sensitivity_thresholds": [
      225,
      450,
      675,
      900,
      1125,
      1350
    ],
    "top_k_for_diagnostics": 10
  },
  "global": {
    "n_eligible": 1257,
    "baseline_a": {
      "n": 1257,
      "mrr": 0.02558886555344638,
      "median_rank": 128,
      "recall_at_1": 0.0031821797931583136,
      "recall_at_5": 0.027048528241845664,
      "recall_at_10": 0.04852824184566428
    },
    "baseline_b": {
      "n": 1257,
      "mrr": 0.2539333127027185,
      "median_rank": 16,
      "recall_at_1": 0.162291169451074,
      "recall_at_5": 0.345266507557677,
      "recall_at_10": 0.4327764518695306
    },
    "mrr_delta": {
      "point_estimate": 0.22834444714927213,
      "ci_low": 0.2083439998027224,
      "ci_high": 0.24790560118596439,
      "n_resamples": 1000,
      "n_queries": 1257
    }
  },
  "within_role": {
    "n_eligible": 1257,
    "baseline_a": {
      "n": 1257,
      "mrr": 0.02558886555344638,
      "median_rank": 128,
      "recall_at_1": 0.0031821797931583136,
      "recall_at_5": 0.027048528241845664,
      "recall_at_10": 0.04852824184566428
    },
    "baseline_b": {
      "n": 1257,
      "mrr": 0.2787109170786653,
      "median_rank": 12,
      "recall_at_1": 0.17820206841686556,
      "recall_at_5": 0.3818615751789976,
      "recall_at_10": 0.477326968973747
    },
    "mrr_delta": {
      "point_estimate": 0.25312205152521894,
      "ci_low": 0.23300658999211232,
      "ci_high": 0.27379861982751863,
      "n_resamples": 1000,
      "n_queries": 1257
    }
  },
  "diagnostics": {
    "team_concentration_excluding_true_match": 0.01197405621154166,
    "league_concentration_excluding_true_match": 0.21644769665724264
  },
  "minutes_sensitivity_curve": [
    {
      "threshold": 225,
      "n_eligible": 1534,
      "mrr_a": 0.023844308286621672,
      "mrr_b": 0.2209994614920001,
      "delta": 0.1971551532053784,
      "ci_low": 0.17964855893107992,
      "ci_high": 0.21411935386150593
    },
    {
      "threshold": 450,
      "n_eligible": 1257,
      "mrr_a": 0.02558886555344638,
      "mrr_b": 0.2539333127027185,
      "delta": 0.22834444714927213,
      "ci_low": 0.2083439998027224,
      "ci_high": 0.24790560118596439
    },
    {
      "threshold": 675,
      "n_eligible": 955,
      "mrr_a": 0.03165778171143958,
      "mrr_b": 0.2971116778614152,
      "delta": 0.2654538961499756,
      "ci_low": 0.24111804591928426,
      "ci_high": 0.29079933562804305
    },
    {
      "threshold": 900,
      "n_eligible": 686,
      "mrr_a": 0.0425091713871727,
      "mrr_b": 0.35808073079767316,
      "delta": 0.31557155941050047,
      "ci_low": 0.2845159207809558,
      "ci_high": 0.3474697161437195
    },
    {
      "threshold": 1125,
      "n_eligible": 415,
      "mrr_a": 0.06677730409188683,
      "mrr_b": 0.42406601684661754,
      "delta": 0.35728871275473073,
      "ci_low": 0.3150090406678545,
      "ci_high": 0.3974625762400507
    },
    {
      "threshold": 1350,
      "n_eligible": 226,
      "mrr_a": 0.10515043267690703,
      "mrr_b": 0.444806980292172,
      "delta": 0.339656547615265,
      "ci_low": 0.2844025355420471,
      "ci_high": 0.3950330272665074
    }
  ]
}